;names;codes
1;Micromonas_pusilla;RCC114_AY425320
2;Micromonas_pusilla;RCC114_KU244630
3;Micromonas_pusilla;RCC114_KU244631
4;Ostreococcus_sp_'lucimarinus';RCC343_KT860633
5;Micromonas_pusilla;RCC372_KT860635
6;Micromonas_commoda;RCC372_KU244634
7;Micromonas_pusilla;RCC373_KF501025
8;Micromonas_pusilla;RCC373_KF501014
9;Mamiellaceae_sp;RCC391_AY425321
10;Mantoniella_sp;RCC395_KT860636
11;Ostreococcus_sp;RCC410_KT860680
12;Micromonas_pusilla;RCC418_KF501026
13;Micromonas_pusilla;RCC418_KF501015
14;Ostreococcus_sp;RCC422_KT860646
15;Ostreococcus_sp;RCC426_KT860647
16;Ostreococcus_sp;RCC427_KT860648
17;Ostreococcus_sp;RCC429_KT860644
18;Micromonas_pusilla;RCC434_AY425316
19;Micromonas_bravo;RCC434_KR089060
20;Micromonas_bravo;RCC434_KU244636
21;Micromonas_pusilla;RCC447_KT860650
22;Micromonas_commoda;RCC447_KU244638
23;Micromonas_commoda;RCC448_KT860645
24;Micromonas_pusilla;RCC449_KT860641
25;Micromonas_commoda;RCC449_KU244641
26;Micromonas_commoda;RCC450_KU244643
27;Micromonas_pusilla;RCC451_KF501035
28;Micromonas_pusilla;RCC451_KF501024
29;Ostreococcus_sp;RCC453_KT860656
30;Ostreococcus_sp;RCC454_KT860657
31;Bathycoccus_prasinos;RCC463_KT860652
32;Micromonas_pusilla;RCC465_KF501028
33;Micromonas_pusilla;RCC465_KF501017
34;Ostreococcus_sp;RCC467_KT860653
35;Ostreococcus_sp;RCC468_KT860674
36;Micromonas_commoda;RCC472_KR089059
37;Micromonas_commoda;RCC472_KU244645
38;Micromonas_pusilla;RCC496_KT860797
39;Micromonas_pusilla;RCC497_KF501034
40;Micromonas_pusilla;RCC497_KF501023
41;Micromonas_pusilla;RCC498_KT860640
42;Micromonas_pusilla;RCC498_KU244647
43;Bathycoccus_prasinos;RCC536_KT860681
44;Micromonas_pusilla;RCC570_KT860879
45;Micromonas_commoda;RCC570_KU244649
46;Micromonas_pusilla;RCC573_KT860807
47;Micromonas_pusilla;RCC629_KF501029
48;Micromonas_pusilla;RCC629_KF501018
49;Bathycoccus_prasinos;RCC634_KT860664
50;Micromonas_pusilla;RCC647_KT860882
51;Micromonas_pusilla;RCC647_KU244651
52;Micromonas_pusilla;RCC658_KF501030
53;Micromonas_pusilla;RCC658_KF501019
54;Ostreococcus_sp_'lucimarinus';RCC675_KT860887
55;Micromonas_commoda;RCC676_KU244653
56;Micromonas_pusilla;RCC676_KT860888
57;Micromonas_pusilla;RCC688_KT860891
58;Micromonas_pusilla;RCC692_KT860893
59;Micromonas_pusilla;RCC692_KU244655
60;Micromonas_pusilla;RCC693_KT860811
61;Bathycoccus_prasinos;RCC715_KT860815
62;Bathycoccus_prasinos;RCC716_KT860816
63;Micromonas_pusilla;RCC746_KT860894
64;Micromonas_sp;RCC746_KU244657
65;Ostreococcus_sp_'lucimarinus';RCC747_KT860895
66;Ostreococcus_sp_'lucimarinus';RCC796_KT860897
67;Bathycoccus_prasinos;RCC797_KT860936
68;Ostreococcus_sp_'lucimarinus';RCC798_KT860898
69;Bathycoccus_prasinos;RCC801_KT860937
70;Micromonas_commoda;RCC803_KU244659
71;Micromonas_bravo;RCC806_KU244665
72;Micromonas_polaris;RCC807_KU244667
73;Micromonas_commoda;RCC808_KU244669
74;Micromonas_pusilla;RCC829_KF501033
75;Micromonas_pusilla;RCC829_KF501022
76;Micromonas_pusilla;RCC830_KT860899
77;Micromonas_sp;RCC830_KU244671
78;Micromonas_pusilla;RCC831_KT860900
79;Micromonas_sp;RCC831_KU244673
80;Micromonas_pusilla;RCC832_KT860901
81;Micromonas_pusilla;RCC833_KT860902
82;Micromonas_pusilla;RCC833_KU244675
83;Micromonas_pusilla;RCC834_KU244677
84;Micromonas_pusilla;RCC835_KU244679
85;Micromonas_pusilla;RCC836_KT860903
86;Micromonas_commoda;RCC836_KU244681
87;Micromonas_pusilla;RCC845_KT860819
88;Micromonas_pusilla;RCC966_KT860911
89;Micromonas_pusilla;RCC1109_KF501020
90;Ostreococcus_sp;RCC1120_KT860804
91;Ostreococcus_tauri;RCC1560_KT860912
92;Ostreococcus_sp_'lucimarinus';RCC1565_KT860709
93;Ostreococcus_sp_'lucimarinus';RCC1566_KT860710
94;Bathycoccus_prasinos;RCC1608_KT860697
95;Bathycoccus_prasinos;RCC1609_KT860698
96;Bathycoccus_prasinos;RCC1610_KT860699
97;Bathycoccus_prasinos;RCC1611_KT860700
98;Bathycoccus_prasinos;RCC1613_KT860702
99;Micromonas_pusilla;RCC1614_KR089061
100;Bathycoccus_prasinos;RCC1615_KT860703
101;Ostreococcus_sp_'lucimarinus';RCC1616_KT860704
102;Micromonas_pusilla;RCC1629_KT860711
103;Micromonas_pusilla;RCC1614_KT860721
104;Ostreococcus_sp_'lucimarinus';RCC1645_KT860712
105;Bathycoccus_prasinos;RCC1646_KT860722
106;Dolichomastigales_sp;RCC1651_KT860915
107;Ostreococcus_sp_'lucimarinus';RCC1662_KT860713
108;Micromonas_pusilla;RCC1677_KT860715
109;Micromonas_pusilla;RCC1687_KT860716
110;Micromonas_pusilla;RCC1697_KT860717
111;Micromonas_pusilla;RCC1698_KT860718
112;Micromonas_pusilla;RCC1699_KT860705
113;Micromonas_pusilla;RCC1749_KT860724
114;Micromonas_pusilla;RCC1862_KT860773
115;Bathycoccus_prasinos;RCC1868_KT860774
116;Bathycoccus_prasinos;RCC1872_KT860776
117;Micromonas_pusilla;RCC2242_KT860743
118;Micromonas_pusilla;RCC2243_KT860570
119;Micromonas_pusilla;RCC2243_KT860799
120;Micromonas_pusilla;RCC2244_KT860736
121;Micromonas_pusilla;RCC2245_KT860571
122;Micromonas_pusilla;RCC2245_KT860739
123;Micromonas_pusilla;RCC2246_KT860740
124;Micromonas_pusilla;RCC2247_KT860737
125;Micromonas_pusilla;RCC2248_KT860572
126;Micromonas_pusilla;RCC2248_KT860769
127;Micromonas_pusilla;RCC2249_KT860738
128;Micromonas_pusilla;RCC2250_KT860744
129;Micromonas_pusilla;RCC2251_KT860741
130;Micromonas_pusilla;RCC2252_KT860749
131;Micromonas_pusilla;RCC2253_KT860575
132;Micromonas_pusilla;RCC2253_KT860750
133;Micromonas_pusilla;RCC2254_KT860576
134;Micromonas_pusilla;RCC2254_KT860745
135;Micromonas_pusilla;RCC2255_KT860577
136;Micromonas_pusilla;RCC2255_KT860746
137;Micromonas_pusilla;RCC2258_KT860580
138;Micromonas_pusilla;RCC2258_KT860748
139;Micromonas_pusilla;RCC2259_KT860581
140;Micromonas_pusilla;RCC2259_KT860751
141;Mamiellaceae_sp;RCC2289_JN934679
142;Micromonas_pusilla;RCC2304_KT860843
143;Micromonas_polaris;RCC2305_JF794057
144;Micromonas_pusilla;RCC2307_KT860753
145;Micromonas_pusilla;RCC2309_KT860765
146;Micromonas_pusilla;RCC2311_KT860752
147;Micromonas_pusilla;RCC2311_KT860585
148;Micromonas_pusilla;RCC2312_KT860758
149;Micromonas_pusilla;RCC2314_KT860587
150;Micromonas_pusilla;RCC2314_KT860760
151;Micromonas_pusilla;RCC2316_KT860589
152;Micromonas_pusilla;RCC2316_KT860761
153;Micromonas_pusilla;RCC2317_KT860590
154;Micromonas_pusilla;RCC2317_KT860762
155;Ostreococcus_sp_'lucimarinus';RCC2343_KT860781
156;Ostreococcus_sp_'lucimarinus';RCC2344_KT860782
157;Mamiellales_sp;RCC2487_KT860921
158;Micromonas_pusilla;RCC2514_KT860766
159;Micromonas_pusilla;RCC3052_KT860828
160;Micromonas_pusilla;RCC4298_KT884472
161;Micromonas_sp;RCC4440_KX523155
162;Micromonas_sp;RCC4574_KX014645
163;Micromonas_polaris;RCC4778_KX602210
164;Micromonas_polaris;RCC4778_KX602211
165;Micromonas_commoda;RCC4795_KY095019
166;Micromonas_commoda;RCC4795_KY095006
167;Micromonas_pusilla;RCC4825_KY095046
168;Micromonas_commoda;RCC4835_KY095008
169;Micromonas_commoda;RCC4852_KY095012
170;Bathycoccus_prasinos;RCC5417_MH764869
171;Micromonas_polaris;RCC5422_MH764874
172;Micromonas_polaris;RCC5482_MH764926
173;Nitzschia_sp;RCC80_KT861227
174;Nitzschia_sp;RCC457_KT860971
175;Nitzschia_sp;RCC466_KT860972
176;Nitzschia_sp;RCC469_KT860973
177;Nitzschia_sp;RCC817_KT861103
178;Nitzschia_sp;RCC826_KT860982
179;Nitzschia_sp;RCC895_KT860986
180;Cylindrotheca_closterium;RCC1713_KT861112
181;Tabularia_sp;RCC1743_KT860991
182;Hyalosira_sp;RCC1860_KT861082
183;Bacillariophyceae_sp;RCC1874_KT861090
184;Bacillariophyceae_sp;RCC1974_KT861093
185;Cylindrotheca_closterium;RCC1975_JF794039
186;Pseudo-nitzschia_sp;RCC2004_JF794046
187;Fragilariaceae_sp;RCC2043_JF794051
188;Nitzschia_sp;RCC2276_JF794052
189;Fragilariales_sp;RCC2508_KT861200
190;Fragilariales_sp;RCC2509_KT861202
191;Synedra_sp._RCC2510;RCC2510_KT860999
192;Fragilariales_sp;RCC2518_KT861226
193;Fragilariales_sp;RCC2519_KT861197
194;Fragilariaceae_sp;RCC2520_KT861217
195;Fragilariales_sp;RCC2598_KT861009
196;Fragilariales_sp;RCC2598_KT861010
197;Bacillariales_sp;RCC2599_KT861140
198;Nitzschia_sp;RCC2600_KT861141
199;Nitzschia_sp;RCC2602_KT861143
200;Luticola_sp;RCC2606_KT861144
201;Asterionellopsis_glacialis;RCC2613_KT861146
202;Nitzschia_sp;RCC2623_KT861149
203;Nitzschia_sp;RCC2638_KT861153
204;Naviculales_sp;RCC2677_KT861210
205;Entomoneis_sp;RCC2768_KT861118
206;Bacillariophyceae_sp;RCC2680_KT861122
207;Nitzschia_sp;RCC2681_KT861011
208;Nitzschia_sp;RCC2683_KT861123
209;Nitzschia_sp;RCC2933_KT861155
210;Nitzschia_sp;RCC2934_KT861012
211;Bacillariophyceae_sp;RCC2936_KT861013
212;Nitzschia_sp;RCC2986_KT861157
213;Nitzschia_sp;RCC2987_KT861158
214;Nitzschia_sp;RCC2988_KT861159
215;Nitzschia_sp;RCC2989_KT861160
216;Nitzschia_sp;RCC2991_KT861161
217;Fragilariales_sp;RCC3059_KT860960
218;Fragilariales_sp;RCC3061_KT861022
219;Fragilariopsis_sp;RCC4289_KT884473
220;Entomoneis_sp;RCC4487_KT878709
221;Entomoneis_sp;RCC4488_KT878710
222;Rhaphoneis_sp;RCC4494_MH792105
223;Naviculales_sp;RCC4589_KY233130
224;Naviculales_sp;RCC4589_MH843673
225;Naviculales_sp;RCC4595_KY233135
226;Fragilariopsis_sp;RCC4604_KY233144
227;Fragilariopsis_sp;RCC4604_MH843675
228;Fragilariopsis_sp;RCC4608_KY233146
229;Navicula_sp;RCC4611_MH843678
230;Navicula_sp;RCC4611_KY233148
231;Navicula_sp;RCC4611_MH843677
232;Fragilariopsis_sp;RCC4612_KY233149
233;Fragilaria_sp;RCC4616_KY233152
234;Fragilaria_sp;RCC4616_MH843680
235;Cylindrotheca_sp;RCC4796_KY095020
236;Cylindrotheca_sp;RCC4803_KY095010
237;Cylindrotheca_sp;RCC4803_KY095026
238;Cylindrotheca_sp;RCC4806_KY095011
239;Cylindrotheca_sp;RCC4822_KY094999
240;Cylindrotheca_sp;RCC4822_KY095043
241;Cylindrotheca_sp;RCC4823_KY094993
242;Cylindrotheca_sp;RCC4823_KY095044
243;Bacillariophyceae_sp;RCC4829_KY094998
244;Bacillariophyceae_sp;RCC4839_KY095014
245;Nitzschia_sp;RCC4855_KY095003
246;Nitzschia_sp;RCC4856_KY095004
247;Halamphora_sp;RCC5168_MH743117
248;Navicula_sp;RCC5169_MH743118
249;Nitzschia_sp_(in:_Bacillariophyta);RCC5171_MH743120
250;Psammodictyon_sp;RCC5187_MH743127
251;Halamphora_sp;RCC5190_MH743130
252;Naviculales_sp;RCC5197_MH764681
253;Naviculales_sp;RCC5201_MH764685
254;Synedra_sp;RCC5205_MH764688
255;Fragilariopsis_sp;RCC5208_MH764691
256;Naviculales_sp;RCC5213_MH764696
257;Synedra_sp;RCC5217_MH764700
258;Synedra_sp;RCC5218_MH764701
259;Synedra_sp;RCC5220_MH764703
260;Pseudo-nitzschia_sp;RCC5222_MH764704
261;Synedra_sp;RCC5227_MH764708
262;Navicula_sp;RCC5230_MH764711
263;Fragilariopsis_sp;RCC5231_MH764712
264;Pseudo-nitzschia_sp;RCC5232_MH764713
265;Pseudo-nitzschia_sp;RCC5250_MH764731
266;Fragilariopsis_sp;RCC5280_MH764760
267;Synedra_sp;RCC5291_MH764770
268;Pseudo-nitzschia_sp;RCC5299_MH764776
269;Pseudo-nitzschia_sp;RCC5306_MH764782
270;Pseudo-nitzschia_sp;RCC5308_MH764783
271;Pseudo-nitzschia_sp;RCC5321_MH764795
272;Fragilariopsis_sp;RCC5325_MH764798
273;Nitzschia_sp;RCC5343_MH764811
274;Pelagophyceae_sp;RCC5354_MH764820
275;Fragilariopsis_sp;RCC5356_MH764821
276;Fragilariopsis_sp;RCC5361_MH764825
277;Fragilariaceae_sp;RCC5362_MH764826
278;Fragilaria_sp;RCC5365_MH764828
279;Fragilariaceae_sp;RCC5366_MH764829
280;Fragilariopsis_sp;RCC5367_MH764830
281;Fragilariopsis_sp;RCC5369_MH764831
282;Fragilariopsis_sp;RCC5370_MH764832
283;Fragilariopsis_sp;RCC5371_MH764833
284;Navicula_sp;RCC5374_MH764835
285;Naviculales_sp;RCC5376_MH764836
286;Naviculales_sp;RCC5377_MH764837
287;Naviculales_sp;RCC5378_MH764838
288;Naviculales_sp;RCC5380_MH764839
289;Naviculales_sp;RCC5382_MH764840
290;Naviculales_sp;RCC5386_MH764844
291;Naviculales_sp;RCC5387_MH764845
292;Nitzschia_sp;RCC5388_MH764846
293;Nitzschia_sp;RCC5389_MH764847
294;Nitzschia_sp;RCC5390_MH764848
295;Nitzschia_sp;RCC5391_MH764849
296;Nitzschia_sp;RCC5392_MH764850
297;Nitzschia_sp;RCC5395_MH764851
298;Synedra_sp;RCC5404_MH764858
299;Fragilariopsis_sp;RCC5406_MH764860
300;Fragilariales_sp;RCC5408_MH764861
301;Nitzschia_sp;RCC5458_MH764905
302;Bacillariophyta_sp;RCC5459_MH764906
303;Fallacia_sp;RCC5460_MH764907
304;Fragilariopsis_sp;RCC5461_MH764908
305;Fragilariopsis_sp;RCC5462_MH764909
306;Cylindrotheca_sp;RCC5463_MH764910
307;Fragilariopsis_sp;RCC5464_MH764911
308;Fragilariopsis_sp;RCC5465_MH764912
309;Amphora_sp;RCC5466_MH764913
310;Cylindrotheca_sp;RCC5467_MH764914
311;Fragilariopsis_sp;RCC5468_MH764915
312;Pseudo-nitzschia_sp;RCC5469_MH764916
313;Nitzschia_sp;RCC5489_MH764933
314;Fragilariopsis_sp;RCC5491_MH764935
315;Fragilariopsis_sp;RCC5501_MH764944
316;Fragilariopsis_sp;RCC5507_MH764949
317;Fragilariopsis_sp;RCC5508_MH764950
318;Fragilariopsis_sp;RCC5511_MH764953
319;Bacillariophyta_sp;RCC5512_MH764954
320;Fragilariopsis_sp;RCC5515_MH764956
321;Synedra_sp;RCC5535_MH764976
322;Fragilaria_sp;RCC5536_MH764977
323;Fragilariales_sp;RCC5537_MH764978
324;Fragilaria_sp;RCC5538_MH764979
325;Naviculales_sp;RCC5539_MH764980
326;Fragilaria_sp;RCC5541_MH764982
327;Fragilaria_sp;RCC5549_MH764988
328;Synedra_sp;RCC5551_MH764990
329;Fragilaria_sp;RCC5553_MH764992
330;Naviculales_sp;RCC5562_MH764999
331;Naviculales_sp;RCC5564_MH765001
332;Naviculales_sp;RCC5566_MH765003
333;Synedra_sp;RCC5575_MH765012
334;Fragilariopsis_sp;RCC5582_MH765019
335;Synedra_sp;RCC5592_MH765028
336;Fragilariaceae_sp;RCC5595_MH765030
337;Naviculales_sp;RCC5601_MH765035
338;Fragilariaceae_sp;RCC5603_MH765036
339;Cylindrotheca_closterium;RCC6042_MK542674
340;Pseudo-nitzschia_sp;RCC6055_MK542683
341;Fragilariopsis_sp;RCC6059_MK542684
342;Pseudo-nitzschia_sp;RCC6061_MK542686
343;Fragilariopsis_sp;RCC6062_MK542687
344;Pseudo-nitzschia_sp;RCC6063_MK542688
345;Fragilariopsis_sp;RCC6064_MK542689
346;Pseudo-nitzschia_sp;RCC6065_MK542690
347;Pseudo-nitzschia_sp;RCC6066_MK542691
348;Fragilariopsis_sp;RCC6067_MK542692
349;Pseudo-nitzschia_sp;RCC6068_MK542693
350;Pseudo-nitzschia_sp;RCC6069_MK542694
351;Fragilariopsis_sp;RCC6072_MK542697
352;Fragilariopsis_sp;RCC6073_MK542698
353;Fragilariopsis_sp;RCC6074_MK542699
354;Fragilariopsis_sp;RCC6853_MN824004
355;Fragilariopsis_sp;RCC6854_MN824005
356;Fragilariopsis_sp;RCC6855_MN824006
357;Pseudo-nitzschia_sp;RCC6857_MN824008
358;Pseudo-nitzschia_sp;RCC6858_MN824009
359;Fragilariopsis_sp;RCC6859_MN824010
360;Fragilariopsis_sp;RCC6860_MN824011
361;Fragilariopsis_sp;RCC6861_MN824012
362;Pseudo-nitzschia_sp;RCC6862_MN824013
363;Fragilariopsis_sp;RCC6864_MN824014
364;Fragilariopsis_sp;RCC6865_MN824015
365;Fragilariopsis_sp;RCC6866_MN824016
366;Pseudo-nitzschia_sp;RCC6867_MN824017
367;Fragilariopsis_sp;RCC6868_MN824018
368;Fragilariopsis_sp;RCC6869_MN824019
369;Fragilariopsis_sp;RCC6870_MN824020
370;Pseudo-nitzschia_sp;RCC6873_MN824023
371;Fragilariopsis_sp;RCC6874_MN824024
372;Naviculales_sp;RCC6875_MN824025
373;Chloropicon_primus;RCC15_U40921
374;Chloropicon_primus;RCC15_KF925345
375;Chloropicon_roscoffensis;RCC19_KT860855
376;Chloropicon_mariensis;RCC138_KT860872
377;Chloroparvula_pacifica;RCC696_KT860688
378;Chloroparvula_pacifica;RCC696_KU843577
379;Chloropicon_roscoffensis;RCC700_KT860686
380;Chloropicon_roscoffensis;RCC700_KU843578
381;Chloropicon_roscoffensis;RCC701_KF899839
382;prasinophyte_sp;RCC712_KT860929
383;prasinophyte_sp;RCC712_KU843579
384;prasinophyte_sp;RCC713_KT860813
385;prasinophyte_sp;RCC713_KU843580
386;Chloropicon_primus;RCC717_KT860691
387;Chloropicon_primus;RCC717_KU843581
388;Chloropicon_mariensis;RCC719_KT860933
389;Chloropicon_mariensis;RCC719_KU843582
390;Chloropicon_roscoffensis;RCC722_KT860817
391;Chloropicon_roscoffensis;RCC722_KU843583
392;Chloropicon_roscoffensis;RCC726_KT860692
393;Chloropicon_roscoffensis;RCC726_KU843584
394;Chloropicon_laureae;RCC856_EU106741
395;Chloropicon_laureae;RCC856_KF422631
396;Chloropicon_sieburthii;RCC857_KU843585
397;Chloropicon_sieburthii;RCC857_EU106742
398;Chloropicon_roscoffensis;RCC917_EU106769
399;Chloropicon_roscoffensis;RCC917_FJ997211
400;Chloropicon_maureeniae;RCC996_EU106822
401;Chloropicon_maureeniae;RCC996_KU843586
402;prasinophyte_sp;RCC997_EU106823
403;prasinophyte_sp;RCC997_KT860935
404;Chloropicon_mariensis;RCC998_EU106824
405;Chloropicon_mariensis;RCC998_KF422632
406;Chloropicon_primus;RCC1019_KT860708
407;Chloropicon_primus;RCC1019_KU843588
408;Chloropicon_primus;RCC1032_EU106835
409;Chloropicon_primus;RCC1032_KU843590
410;Chloropicon_primus;RCC1043_KT860695
411;Chloropicon_primus;RCC1043_KU843591
412;Chloropicon_roscoffensis;RCC1124_KT860719
413;Chloropicon_roscoffensis;RCC1124_KU843592
414;Chloropicon_roscoffensis;RCC1871_KF899840
415;Chloropicon_roscoffensis;RCC2335_KF422627
416;Chloroparvula_pacifica;RCC2337_KT860793
417;Chloroparvula_pacifica;RCC2337_KU843593
418;Chloroparvula_japonica;RCC2339_KF422628
419;Chloropicon_maureeniae;RCC3368_KF899838
420;Chloropicon_maureeniae;RCC3368_MF077475
421;Chloropicon_roscoffensis;RCC3373_KU843594
422;Chloropicon_maureeniae;RCC3374_KU843595
423;Chloropicon_roscoffensis;RCC3375_KF899843
424;Chloropicon_maureeniae;RCC3376_KU843596
425;Chloropicon_roscoffensis;RCC3632_MH792068
426;Chloropicon_roscoffensis;RCC3633_MH792069
427;Chloropicon_roscoffensis;RCC4429_KU843597
428;Chloropicon_roscoffensis;RCC4429_KX523147
429;Chloropicon_roscoffensis;RCC4430_KU843598
430;Chloropicon_roscoffensis;RCC4430_KX523148
431;Chloropicon_laureae;RCC4434_KU843599
432;Chloropicon_laureae;RCC4434_KX523150
433;prasinophyte_sp;RCC4569_KX014641
434;Chloroparvula_pacifica;RCC4572_KX014643
435;Chloroparvula_pacifica;RCC4472_MF077476
436;prasinophyte_sp;RCC4573_KX014644
437;Chloroparvula_pacifica;RCC4656_KU843574
438;Chloropicon_roscoffensis;RCC6306_MN604334
439;Picochlorum_sp;RCC9_KT860852
440;Picochlorum_sp;RCC13_KT860853
441;Picochlorum_sp;RCC14_KT860854
442;Picochlorum_sp;RCC99_KT860856
443;Picochlorum_sp;RCC140_KT860873
444;Picochlorum_sp;RCC142_KT860874
445;Chlorella_sp;RCC347_KT860631
446;Chlorella_sp;RCC396_KT860642
447;Picochlorum_sp;RCC475_KT860662
448;Picochlorum_sp;RCC484_KT860668
449;Picochlorum_sp;RCC485_KT860806
450;Picochlorum_sp;RCC490_KT860669
451;Chlorella_sp;RCC533_KT860679
452;Chlorella_sp;RCC537_KT860672
453;Picochlorum_sp;RCC632_KT860665
454;Picochlorum_sp;RCC633_KT860663
455;Picochlorum_sp;RCC637_KT860666
456;Chlorella_stigmatophora;RCC661_KT860883
457;Chlorella_sp;RCC664_KT860884
458;Picochlorum_sp;RCC683_KT860889
459;Picochlorum_sp;RCC684_KT860890
460;Picochlorum_sp;RCC689_KT860892
461;Picochlorum_sp;RCC748_KT860896
462;Picochlorum_sp;RCC846_KT860820
463;Coccomyxa_sp;RCC891_KT860906
464;Coccomyxa_parasitica;RCC894_EU127469
465;Picochlorum_sp;RCC897_KT860908
466;Coccomyxa_sp;RCC903_KT860910
467;Picochlorum_sp;RCC944_EU106790
468;Picochlorum_sp;RCC944_KT860842
469;Picochlorum_sp;RCC1034_EU106837
470;Stichococcus_sp;RCC1054_KF899844
471;Stichococcus_sp;RCC1055_KT860696
472;Picochlorum_sp;RCC2935_KT860926
473;Trebouxiophyceae_sp;RCC2249_KT860826
474;Phyllosiphon_sp;RCC2979_KT860839
475;Picochlorum_sp;RCC3965_KT860832
476;Picochlorum_sp;RCC3067_KT860833
477;Picochlorum_sp;RCC3070_KT860847
478;Picochlorum_sp;RCC3071_KT860836
479;Picochlorum_sp;RCC4442_KX523157
480;Picochlorum_sp;RCC4445_MH792079
481;Picochlorum_sp;RCC4447_MH792080
482;Picochlorum_sp;RCC4448_MH792081
483;Picochlorum_sp;RCC4450_MH792082
484;Picochlorum_sp;RCC4451_MH792083
485;Picochlorum_sp;RCC4453_MH792084
486;Picochlorum_sp;RCC4454_MH792085
487;Picochlorum_sp;RCC4455_MH792086
488;Picochlorum_sp;RCC4456_MH792087
489;Picochlorum_sp;RCC4457_MH792088
490;Picochlorum_sp;RCC4458_MH792089
491;Picochlorum_sp;RCC4459_MH792090
492;Picochlorum_sp;RCC4460_MH792091
493;Picochlorum_sp;RCC4461_MH792092
494;Picochlorum_sp;RCC4462_MH792093
495;Picochlorum_sp;RCC4463_MH792094
496;Picochlorum_sp;RCC4464_MH792095
497;Picochlorum_sp;RCC4465_MH792096
498;Picochlorum_sp;RCC4466_MH792097
499;Picochlorum_sp;RCC4467_MH792098
500;Pseudochloris_sp;RCC4743_MH792099
501;Trebouxiophyceae_sp;RCC5174_MH743123
502;Chlorophyta_sp;RCC5191_MH743131
503;Chlorophyta_sp;RCC5193_MH743132
504;Picochlorum_sp;RCC5937_MK295682
505;Picochlorum_sp;RCC5938_MK295683
506;Picochlorum_sp;RCC5939_MK295684
507;Picochlorum_sp;RCC5941_MK295686
508;Picochlorum_sp;RCC5947_MK295690
509;Picochlorum_sp;RCC5948_MK295691
510;Picochlorum_sp;RCC6225_MN604339
511;Chlorophyta_sp;RCC6226_MN604333
512;Picochlorum_sp;RCC6228_MN604341
513;Picochlorum_sp;RCC6229_MN604342
514;Picochlorum_sp;RCC6230_MN604343
515;Hemiselmis_sp;RCC439_AY665982
516;Hemiselmis_sp;RCC659_KT860554
517;Hemiselmis_sp;RCC659_KT878682
518;Hemiselmis_rufescens;RCC659_MF179481
519;Hemiselmis_rufescens;RCC659_MF179475
520;Rhodomonas_sp;RCC662_KT861326
521;Teleaulax_sp;RCC816_MF179478
522;Rhinomonas_sp;RCC821_KT860556
523;Rhodomonas_sp;RCC1978_KT861341
524;Rhodomonas_sp;RCC1998_KT861340
525;Rhodomonas_sp;RCC2007_KT861338
526;Rhodomonas_sp;RCC2018_KT861337
527;Rhodomonas_sp;RCC2019_KT861336
528;Rhodomonas_sp;RCC2020_JN934672
529;Rhodomonas_sp;RCC2044_KT861335
530;Rhodomonas_sp;RCC2045_KT861334
531;Rhodomonas_sp;RCC2513_KT861333
532;Rhodomonas_sp;RCC2516_KT861332
533;Rhodomonas_sp;RCC2603_KT861331
534;Hemiselmis_sp;RCC2614_KT861344
535;Hemiselmis_andersenii;RCC2614_MF179473
536;Rhodomonas_sp;RCC2626_KT861330
537;Rhodomonas_sp;RCC2944_KT861329
538;Hemiselmis_virescens;RCC3575_MF179477
539;Hemiselmis_virescens;RCC3575_MF574715
540;Hemiselmis_aquamarina;RCC4099_MF179482
541;Hemiselmis_aquamarina;RCC4102_MF179476
542;Hemiselmis_sp;RCC4216_MH792073
543;Hemiselmis_rufescens;RCC4216_MF179474
544;Rhodomonas_sp;RCC4444_MH792106
545;Cryptophyceae_sp;RCC4474_KT878697
546;Teleaulax_sp;RCC4841_KY095007
547;Teleaulax_sp;RCC4841_KY095059
548;Cryptophyceae_sp;RCC4843_KY095013
549;Rhodomonas_sp;RCC4847_KY095062
550;Rhodomonas_sp;RCC4848_KY095005
551;Teleaulax_sp;RCC4857_KY095065
552;Rhodomonas_sp;RCC5236_MH764717
553;Rhodomonas_sp;RCC5237_MH764718
554;Rhodomonas_sp;RCC5274_MH764754
555;Rhodomonas_sp;RCC5310_MH764785
556;Rhodomonas_sp;RCC5322_MH764796
557;Rhodomonas_sp;RCC5414_MH764866
558;Rhodomonas_sp;RCC5415_MH764867
559;Chaetoceros_sp;RCC5416_MH764868
560;Rhodomonas_sp;RCC5484_MH764928
561;Rhodomonas_sp;RCC5485_MH764929
562;Rhodomonas_sp;RCC5528_MH764969
563;Rhodomonas_sp;RCC5610_MH765042
564;Hemiselmis_sp;RCC5942_MK295687
565;Hemiselmis_sp;RCC5943_MK295688
566;Hemiselmidaceae_sp;RCC5949_MK295692
567;Proteomonas_sp;RCC6264_MN604346
568;Proteomonas_sp;RCC6266_MN604347
569;Rhodomonas_sp;RCC6297_MN604361
570;Rhodomonas_salina;RCC6434_MN604360
571;Teleaulax_acuta;RCC6441_MN604363
572;Isochrysis_sp;RCC90_KT861288
573;Dicrateria_rotunda;RCC401_KT861304
574;Dicrateria_rotunda;RCC406_KT861305
575;Emiliania_huxleyi;RCC458_KT861251
576;Imantonia_sp;RCC470_KT878677
577;Emiliania_huxleyi;RCC502_KT861252
578;Emiliania_huxleyi;RCC538_KT861253
579;Chrysochromulina_sp;RCC574_KT861301
580;Chrysochromulina_sp;RCC656_KT861302
581;Phaeocystis_sp;RCC678_JX660989
582;Imantonia_sp;RCC704_KT861311
583;Emiliania_huxleyi;RCC868_EU106749
584;Emiliania_huxleyi;RCC874_KT861254
585;Emiliania_huxleyi;RCC909_KT861255
586;Emiliania_huxleyi;RCC911_EU106763
587;Emiliania_huxleyi;RCC914_EU106766
588;Emiliania_huxleyi;RCC921_EU106771
589;Phaeocystis_sp;RCC925_EU106773
590;Phaeocystis_sp;RCC935_EU106782
591;Phaeocystis_sp;RCC940_EU106787
592;Emiliania_huxleyi;RCC948_EU106793
593;Emiliania_huxleyi;RCC955_KT861256
594;Emiliania_huxleyi;RCC956_KT861257
595;Emiliania_huxleyi;RCC958_EU106797
596;Emiliania_huxleyi;RCC962_EU106798
597;Emiliania_huxleyi;RCC963_KT861259
598;Phaeocystis_sp;RCC993_EU106820
599;Phaeocystis_sp;RCC1000_EU106826
600;Phaeocystis_sp;RCC1000_JX660991
601;Phaeocystis_sp;RCC1033_EU106836
602;Calcidiscus_leptoporus;RCC1130_KF422619
603;Helicosphaera_carteri;RCC1333_KF422620
604;Phaeocystis_cordata;RCC1383_JX660992
605;Scyphosphaera_apsteinii;RCC1455_KT861320
606;Syracosphaera_pulchra;RCC1461_KF422621
607;Phaeocystis_sp;RCC1619_KT861295
608;Phaeocystis_sp;RCC1725_KT861296
609;Emiliania_huxleyi;RCC1726_KT861260
610;Phaeocystis_sp;RCC1729_KT861297
611;Phaeocystis_sp;RCC1737_JX660993
612;Emiliania_huxleyi;RCC1744_KT861261
613;Emiliania_huxleyi;RCC1745_KT861262
614;Emiliania_huxleyi;RCC1746_KT861263
615;Emiliania_huxleyi;RCC1747_KT861264
616;Emiliania_huxleyi;RCC1752_KT861265
617;Emiliania_huxleyi;RCC1753_KT861266
618;Emiliania_huxleyi;RCC1754_KT861267
619;Emiliania_huxleyi;RCC1756_KT861268
620;Emiliania_huxleyi;RCC1758_KT861269
621;Emiliania_huxleyi;RCC1759_KT861270
622;Emiliania_huxleyi;RCC1760_KT861271
623;Emiliania_huxleyi;RCC1762_KT861272
624;Emiliania_huxleyi;RCC1763_KT861273
625;Emiliania_huxleyi;RCC1764_KT861274
626;Phaeocystis_sp;RCC1869_KT861298
627;Imantonia_sp;RCC2298_JN934681
628;Haptolina_cf_hirta;RCC2299_KT861303
629;Haptolina_sp;RCC2300_JF794056
630;Haptolina_sp;RCC2300_JF812342
631;Emiliania_huxleyi;RCC2611_KT861275
632;Emiliania_huxleyi;RCC2615_KT861276
633;Emiliania_huxleyi;RCC2620_KT861277
634;Emiliania_huxleyi;RCC2621_KT861278
635;Emiliania_huxleyi;RCC2632_KT861279
636;Emiliania_huxleyi;RCC2634_KT861280
637;Emiliania_huxleyi;RCC2635_KT861281
638;Emiliania_huxleyi;RCC2637_KT861282
639;Emiliania_huxleyi;RCC2639_KT861283
640;Ochrosphaera_sp;RCC2690_KT861238
641;Ochrosphaera_sp;RCC2691_KT861239
642;Isochrysis_sp;RCC2692_KT861290
643;Ochrosphaera_sp;RCC2698_KT861240
644;Emiliania_huxleyi;RCC2937_KT861284
645;Emiliania_huxleyi;RCC2938_KT861285
646;Emiliania_huxleyi;RCC2941_KT861286
647;Ochrosphaera_sp;RCC2954_KT861241
648;Ochrosphaera_sp;RCC2959_KT861242
649;Ochrosphaera_sp;RCC2970_KT861243
650;Ochrosphaera_sp;RCC2971_KT861244
651;Ochrosphaera_sp;RCC2972_KT861245
652;Ochrosphaera_sp;RCC2973_KT861246
653;Ochrosphaera_sp;RCC2974_KT861247
654;Ochrosphaera_sp;RCC2975_KT861248
655;Ochrosphaera_sp;RCC2976_KT861249
656;Cruciplacolithus_sp;RCC2977_KT861231
657;Cruciplacolithus_sp;RCC2978_KT861232
658;Gephyrocapsa_ericsonii;RCC4032_KX056532
659;Reticulofenestra_parvula;RCC4033_KX056533
660;Reticulofenestra_parvula;RCC4034_KX056534
661;Reticulofenestra_parvula;RCC4035_KX056535
662;Reticulofenestra_parvula;RCC4036_KX056536
663;Isochrysis_sp;RCC4207_MH792074
664;Chrysochromulina_sp;RCC4210_MH792070
665;Dicrateria_sp;RCC4214_MH792071
666;Imantonia_sp;RCC4426_KX523145
667;Emiliania_huxleyi;RCC4443_KX523158
668;Dicrateria_rotunda;RCC4477_KT878700
669;Dicrateria_rotunda;RCC4478_KT878701
670;Emiliania_huxleyi;RCC4498_MH792072
671;Phaeocystis_sp;RCC4499_MH792078
672;Imantonia_sp;RCC4500_KT884462
673;Imantonia_sp;RCC4501_KT884464
674;Emiliania_huxleyi;RCC4549_KX014628
675;Emiliania_huxleyi;RCC4560_KX014634
676;Imantonia_sp;RCC4575_KX014646
677;Imantonia_sp;RCC4576_KX014647
678;Imantonia_sp;RCC4577_KX014648
679;Imantonia_sp;RCC4578_KX014649
680;Phaeocystis_sp;RCC4640_KX523161
681;Phaeocystis_sp;RCC4641_KX523162
682;Phaeocystis_sp;RCC4642_KX523163
683;Imantonia_sp;RCC4780_KX602212
684;Phaeocystis_sp;RCC4814_KY095035
685;Phaeocystis_sp;RCC4818_KY095039
686;Pseudohaptolina_sp;RCC5268_MH764749
687;Pseudohaptolina_sp;RCC5270_MH764751
688;Pseudohaptolina_sp;RCC5270_MT311519
689;Isochrysis_sp;RCC5353_MH764819
690;Isochrysis_sp;RCC5486_MH764930
691;Isochrysis_sp;RCC5487_MH764931
692;Imantonia_sp;RCC5636_MH764621
693;Imantonia_sp;RCC5637_MH764622
694;Imantonia_sp;RCC5639_MH764624
695;Phaeocystis_sp;RCC5646_MH764663
696;Emiliania_huxleyi;RCC5653_MH764614
697;Emiliania_huxleyi;RCC5654_MH764615
698;Emiliania_huxleyi;RCC5656_MH764619
699;Emiliania_huxleyi;RCC5663_MH764616
700;Phaeocystis_sp;RCC5680_MH764665
701;Phaeocystis_sp;RCC5682_MH764666
702;Emiliania_huxleyi;RCC5689_MH764617
703;Emiliania_huxleyi;RCC5723_MH764618
704;Phaeocystis_globosa;RCC6045_MK542677
705;Emiliania_huxleyi;RCC6052_MK542682
706;Emiliania_huxleyi;RCC6071_MK542696
707;Emiliania_huxleyi;RCC6133_MN121040
708;Umbilicosphaera_sp;RCC6252_MN604364
709;Umbilicosphaera_sp;RCC6255_MN604365
710;Prymnesiophyceae_sp;RCC6258_MN604348
711;Prymnesiophyceae_sp;RCC6262_MN604349
712;Prymnesium_sp;RCC6265_MN604353
713;Prymnesium_sp;RCC6268_MN604354
714;Prymnesiophyceae_sp;RCC6270_MN604350
715;Prymnesiophyceae_sp;RCC6271_MN604351
716;Emiliania_huxleyi;RCC6277_MN604335
717;Emiliania_huxleyi;RCC6278_MN604336
718;Calyptrosphaera_sp;RCC6294_MN604332
719;Prymnesium_sp;RCC6295_MN604355
720;Prymnesium_sp;RCC6296_MN604356
721;Phaeocystis_sp;RCC6665_MN604338
722;Prymnesium_polylepis;RCC6738_MN604352
723;Emiliania_huxleyi;RCC6856_MN824007
724;Aureococcus_anophagefferens;RCC96_AF118443
725;Pelagomonas_calceolata;RCC100_U14389
726;Pelagomonas_calceolata;RCC108_KT860968
727;Sarcinochrysis_marina;RCC112_U78033
728;Pelagomonas_calceolata;RCC341_KT861165
729;Pelagomonas_calceolata;RCC518_KT860974
730;Pelagomonas_calceolata;RCC697_KT860978
731;Pelagomonas_calceolata;RCC698_KT861135
732;Pelagomonas_calceolata;RCC699_KT861136
733;Pelagomonas_calceolata;RCC706_KT861037
734;Pelagomonas_calceolata;RCC707_KT861038
735;Pelagomonas_calceolata;RCC732_KT861035
736;Pelagomonas_calceolata;RCC850_KT860985
737;Pelagomonas_calceolata;RCC858_KT861044
738;Pelagomonas_calceolata;RCC869_EU106750
739;Pelagomonas_calceolata;RCC871_EU106752
740;Pelagomonas_calceolata;RCC873_KT861046
741;Pelagomonas_calceolata;RCC879_EU106754
742;Pelagomonas_calceolata;RCC880_EU106755
743;Pelagomonas_calceolata;RCC881_EU106756
744;Pelagomonas_calceolata;RCC884_EU106759
745;Pelagomonas_calceolata;RCC888_KT861138
746;Pelagomonas_calceolata;RCC915_EU106767
747;Pelagomonas_calceolata;RCC924_KT860988
748;Pelagomonas_calceolata;RCC926_EU106774
749;Pelagomonas_calceolata;RCC937_EU106784
750;Pelagomonas_calceolata;RCC938_EU106785
751;Pelagomonas_calceolata;RCC939_EU106786
752;Pelagomonas_calceolata;RCC943_EU106789
753;Pelagomonas_calceolata;RCC953_EU106796
754;Pelagomonas_calceolata;RCC954_KT861051
755;Pelagomonas_calceolata;RCC969_EU106803
756;Pelagomonas_calceolata;RCC969_KT861109
757;Pelagomonas_calceolata;RCC971_EU106805
758;Pelagomonas_calceolata;RCC972_EU106806
759;Pelagomonas_calceolata;RCC974_EU106808
760;Pelagomonas_calceolata;RCC975_EU106809
761;Pelagomonas_calceolata;RCC979_EU106812
762;Pelagomonas_calceolata;RCC980_EU106813
763;Pelagomonas_calceolata;RCC981_EU106814
764;Pelagomonas_calceolata;RCC984_KT861053
765;Pelagomonas_calceolata;RCC985_EU106816
766;Pelagomonas_calceolata;RCC985_EU106815
767;Pelagomonas_calceolata;RCC986_EU106817
768;Pelagomonas_calceolata;RCC988_EU106818
769;Pelagomonas_calceolata;RCC990_KT861078
770;Pelagomonas_calceolata;RCC991_KT861079
771;Pelagomonas_calceolata;RCC995_EU106821
772;Pelagophyceae_sp;RCC1024_EU106834
773;Pelagophyceae_sp;RCC1024_KT861111
774;Pelagomonas_calceolata;RCC1035_KT861039
775;Pelagomonas_calceolata;RCC1046_KT861041
776;Pelagomonas_calceolata;RCC1050_KT861062
777;Pelagomonas_calceolata;RCC1051_KT861063
778;Pelagomonas_calceolata;RCC1052_KT861056
779;Pelagomonas_calceolata;RCC1061_EU106841
780;Pelagomonas_calceolata;RCC1062_EU106842
781;Pelagophyceae_sp;RCC2040_JF794050
782;Pelagomonas_calceolata;RCC2362_KT861095
783;Pelagophyceae_sp;RCC2491_KT861206
784;Pelagophyceae_sp;RCC2493_KT860993
785;Pelagophyceae_sp;RCC2494_KT860994
786;Pelagophyceae_sp;RCC2496_KT860995
787;Pelagophyceae_sp;RCC2505_JN934690
788;Pelagophyceae_sp;RCC2505_KT860996
789;Pelagophyceae_sp;RCC2515_KT861129
790;Pelagophyceae_sp;RCC2696_KT861121
791;Sarcinochrysidales_sp;RCC2956_KT861126
792;Pelagococcus_sp;RCC3069_KT861026
793;Aureococcus_anophagefferens;RCC4094_KT585674
794;Pelagomonas_calceolata;RCC4417_KX523138
795;Pelagomonas_calceolata;RCC4419_KX523139
796;Pelagomonas_calceolata;RCC4420_KX523140
797;Pelagococcus_sp;RCC4422_KX523141
798;Pelagomonas_calceolata;RCC4423_KX523142
799;Pelagomonas_calceolata;RCC4424_KX523143
800;Pelagomonas_calceolata;RCC4425_KX523144
801;Pelagomonas_calceolata;RCC4427_KX523146
802;Pelagomonas_calceolata;RCC4475_KT878698
803;Pelagomonas_calceolata;RCC4476_KT878699
804;Pelagomonas_calceolata;RCC4548_KX014627
805;Pelagomonas_calceolata;RCC4551_KX014629
806;Pelagophyceae_sp;RCC4552_KX014630
807;Pelagomonas_calceolata;RCC4559_KX014633
808;Pelagomonas_calceolata;RCC4561_KX014635
809;Pelagomonas_calceolata;RCC4564_KX014638
810;Pelagomonas_calceolata;RCC4566_KX014639
811;Andersenia_nodulosa;RCC4632_KP178602
812;Pelagomonas_calceolata;RCC4647_KX523165
813;Pelagomonas_calceolata;RCC4648_KX523166
814;Pelagomonas_calceolata;RCC4649_KX523167
815;Pelagomonas_calceolata;RCC4650_KX523168
816;Pelagophyceae_sp;RCC4782_KX602214
817;Pelagophyceae_sp;RCC5251_MH764732
818;Pelagophyceae_sp;RCC5254_MH764735
819;Pelagophyceae_sp;RCC5256_MH764737
820;Pelagophyceae_sp;RCC5271_MH764752
821;Pelagophyceae_sp;RCC5276_MH764756
822;Pelagophyceae_sp;RCC5277_MH764757
823;Pelagophyceae_sp;RCC5282_MH764762
824;Pelagophyceae_sp;RCC5288_MH764767
825;Pelagophyceae_sp;RCC5292_MH764771
826;Pelagophyceae_sp;RCC5300_MH764777
827;Pelagophyceae_sp;RCC5330_MH764803
828;Pelagophyceae_sp;RCC5450_MH764898
829;Pelagophyceae_sp;RCC5488_MH764932
830;Pelagococcus_sp;RCC5640_MH764628
831;Pelagococcus_sp;RCC5641_MH764629
832;Pelagococcus_sp;RCC5642_MH764630
833;Pelagococcus_sp;RCC5643_MH764631
834;Pelagococcus_sp;RCC5644_MH764632
835;Pelagococcus_sp;RCC5645_MH764633
836;Pelagococcus_sp;RCC5658_MH764634
837;Pelagococcus_sp;RCC5659_MH764635
838;Pelagococcus_sp;RCC5660_MH764636
839;Pelagococcus_sp;RCC5661_MH764637
840;Pelagococcus_sp;RCC5664_MH764638
841;Pelagococcus_sp;RCC5665_MH764639
842;Pelagococcus_sp;RCC5666_MH764640
843;Pelagococcus_sp;RCC5667_MH764641
844;Pelagomonas_sp;RCC5668_MH764651
845;Pelagomonas_sp;RCC5669_MH764652
846;Pelagococcus_sp;RCC5670_MH764642
847;Pelagophyceae_sp;RCC5671_MH764654
848;Pelagococcus_sp;RCC5672_MH764643
849;Pelagophyceae_sp;RCC5673_MH764655
850;Pelagophyceae_sp;RCC5674_MH764656
851;Pelagophyceae_sp;RCC5676_MH764657
852;Pelagophyceae_sp;RCC5678_MH764659
853;Pelagophyceae_sp;RCC5679_MH764660
854;Pelagococcus_sp;RCC5693_MH764644
855;Pelagococcus_sp;RCC5694_MH764645
856;Pelagococcus_sp;RCC5695_MH764646
857;Pelagococcus_sp;RCC5696_MH764647
858;Pelagophyceae_sp;RCC5698_MH764662
859;Pelagococcus_sp;RCC5715_MH764648
860;Pelagococcus_sp;RCC5720_MH764649
861;Pelagococcus_sp;RCC5724_MH764650
862;Pelagomonas_sp;RCC5725_MH764653
863;Pelagophyceae_sp;RCC6043_MK542675
864;Pelagophyceae_sp;RCC6044_MK542676
865;Pelagococcus_sp;RCC6126_MN121034
866;Pelagococcus_sp;RCC6142_MN121045
867;Pelagococcus_sp;RCC6145_MN121047
868;Pelagococcus_sp;RCC6147_MN121048
869;Tetraselmis_sp;RCC119_KT860857
870;Tetraselmis_sp;RCC120_KT860858
871;Tetraselmis_sp;RCC121_KT860859
872;Tetraselmis_sp;RCC122_KT860860
873;Tetraselmis_sp;RCC123_KT860861
874;Tetraselmis_sp;RCC124_KT860862
875;Tetraselmis_sp;RCC125_KT860863
876;Tetraselmis_sp;RCC126_KT860864
877;Tetraselmis_sp;RCC127_KT860865
878;Tetraselmis_chuii;RCC128_KT860866
879;Tetraselmis_chuii;RCC129_KT860867
880;Tetraselmis_striata;RCC130_KT860868
881;Tetraselmis_striata;RCC131_KT860869
882;Tetraselmis_rubens;RCC132_KT860870
883;Tetraselmis_rubens;RCC133_KT860871
884;Tetraselmis_sp;RCC348_KT860643
885;Tetraselmis_sp;RCC500_AY425299
886;Tetraselmis_sp;RCC571_KT860880
887;Tetraselmis_convolutae;RCC1563_KT860913
888;Tetraselmis_convolutae;RCC1564_KT860914
889;Tetraselmis_sp;RCC1975_KT860790
890;Tetraselmis_sp;RCC1976_KT860791
891;Tetraselmis_sp;RCC2604_KT860822
892;Tetraselmis_sp;RCC2628_KT860824
893;Tetraselmis_sp;RCC2629_KT860825
894;Tetraselmis_sp;RCC4435_KX523151
895;Tetraselmis_sp;RCC479_MH792111
896;Tetraselmis_sp;RCC4480_KT878702
897;Tetraselmis_sp;RCC4481_KT878703
898;Tetraselmis_sp;RCC4484_KT878706
899;Tetraselmis_sp;RCC4485_KT878707
900;Tetraselmis_sp;RCC4486_KT878708
901;Tetraselmis_sp;RCC4489_KT878711
902;Tetraselmis_sp;RCC4490_KT878712
903;Tetraselmis_sp;RCC4491_KT878713
904;Tetraselmis_sp;RCC6047_MK542679
905;Pycnococcus_provasolii;RCC135_AF122889
906;Pycnococcus_provasolii;RCC432_KT860637
907;Pycnococcus_provasolii;RCC444_KT860639
908;Pycnococcus_provasolii;RCC459_KT860651
909;Pycnococcus_provasolii;RCC460_KT860658
910;Pycnococcus_provasolii;RCC519_KT860670
911;Pycnococcus_sp;RCC521_MH792100
912;Pycnococcus_provasolii;RCC522_KT860678
913;Pycnococcus_provasolii;RCC581_KT860810
914;Pyramimonas_parkeae;RCC619_KT860881
915;Pycnococcus_provasolii;RCC709_KT860812
916;Pycnococcus_provasolii;RCC730_KT860682
917;Pycnococcus_provasolii;RCC731_KT860684
918;Pycnococcus_provasolii;RCC733_KT878683
919;Pycnococcus_provasolii;RCC734_KT860683
920;Pycnococcus_provasolii;RCC885_KT860821
921;Pycnococcus_provasolii;RCC899_KT860909
922;Pycnococcus_provasolii;RCC931_EU106778
923;Pycnococcus_provasolii;RCC1058_EU106838
924;Pycnococcus_provasolii;RCC1059_EU106839
925;Pycnococcus_provasolii;RCC1060_EU106840
926;Pycnococcus_provasolii;RCC1751_KT860725
927;Pycnococcus_provasolii;RCC1931_KT860778
928;Pyramimonas_sp;RCC1987_JN934670
929;Pyramimonas_sp;RCC2015_JF794048
930;Pyramimonas_sp;RCC2047_KT860756
931;Pyramimonas_sp;RCC2048_KT860757
932;Pyramimonas_sp;RCC2295_KT860800
933;Pyramimonas_sp;RCC2296_KT860798
934;Pycnococcus_provasolii;RCC2336_KT860844
935;Pycnococcus_provasolii;RCC2338_KT860792
936;Pycnococcus_provasolii;RCC2361_KT860787
937;Pycnococcus_provasolii;RCC2364_KT860780
938;Pycnococcus_provasolii;RCC2365_KT860788
939;Pyramimonas_sp;RCC2500_JN934689
940;Pyramimonas_sp;RCC2500_KT860922
941;Pyramimonas_sp;RCC2501_KT860923
942;Pyramimonas_sp;RCC2502_KT860802
943;Pycnococcus_provasolii;RCC3054_KT860831
944;Pycnococcus_provasolii;RCC3055_KT860845
945;Pycnococcus_provasolii;RCC3056_KT860846
946;Pyramimonas_sp;RCC4209_MH792101
947;Pyramimonas_sp;RCC4212_MH792102
948;Pyramimonas_sp;RCC4217_MH792103
949;Pyramimonas_sp;RCC4218_MH792104
950;Pycnococcus_sp;RCC4636_KX523159
951;Pyramimonas_sp;RCC4783_KX602215
952;Pyramimonas_sp;RCC5235_MH764716
953;Pyramimonas_sp;RCC5240_MH764721
954;Pyramimonas_sp;RCC5241_MH764722
955;Pyramimonas_sp;RCC5244_MH764725
956;Pyramimonas_sp;RCC5245_MH764726
957;Pyramimonas_sp;RCC5248_MH764729
958;Pyramimonas_sp;RCC5249_MH764730
959;Pyramimonas_sp;RCC5269_MH764750
960;Pyramimonas_sp;RCC5279_MH764759
961;Pyramimonas_sp;RCC5283_MH764763
962;Pyramimonas_sp;RCC5284_MH764764
963;Pyramimonas_sp;RCC5312_MH764787
964;Pyramimonas_sp;RCC5357_MH764822
965;Pyramimonas_sp;RCC5358_MH764823
966;Pyramimonas_sp;RCC5454_MH764902
967;Pyramimonas_sp;RCC5455_MH764903
968;Pyramimonas_sp;RCC5516_MH764957
969;Pyramimonas_sp;RCC5525_MH764966
970;Pyramimonas_sp;RCC6672_MN604358
971;Ulvophyceae_sp;RCC2697_KT860925
972;Ulvophyceae_sp;RCC2945_KT860927
973;Acrochaete_sp;RCC2960_KT860928
974;Ulvophyceae_sp;RCC2980_KT860840
975;Ulvophyceae_sp;RCC2981_KT860841
976;Ulvophyceae_sp;RCC4617_KY233153
977;Ulvophyceae_sp;RCC4620_KY233156
978;Ochromonas_distigma;RCC21_KT860964
979;Paraphysomonas_sp;RCC383_KT861130
980;Ochromonas_sp;RCC480_KT861029
981;Chrysophyceae_sp;RCC902_KT861139
982;Chrysophyceae_sp;RCC2290_JF794055
983;Dinobryon_faculiferum;RCC2293_JN934680
984;Dinobryon_faculiferum;RCC2294_KT861201
985;Spumella_sp;RCC4558_KX014632
986;Dinobryon_sp;RCC5261_MH764742
987;Bolidomonas_sp;RCC1657_KF422625
988;Rhizochromulina_sp;RCC332_KT861105
989;Florenciella_parvula;RCC446_AY254857
990;Florenciella_sp;RCC1007_EU106829
991;Florenciella_sp;RCC1007_KT861110
992;Florenciella_sp;RCC1587_KF422624
993;Florenciella_sp;RCC1587_KT861065
994;Florenciella_sp;RCC1650_KT860989
995;Florenciella_parvula;RCC1659_KT861058
996;Florenciella_parvula;RCC1663_KT861059
997;Florenciella_parvula;RCC1686_KT861061
998;Florenciella_parvula;RCC1693_KF422626
999;Florenciella_sp;RCC1704_KT860990
1000;Helicopedinella_sp;RCC2283_KT861166
1001;Pedinellales_sp;RCC2286_JN934678
1002;Helicopedinella_sp;RCC2287_KT861168
1003;Pedinellales_sp;RCC2289_JF794054
1004;Pedinellales_sp;RCC2301_JN934682
1005;Helicopedinella_sp;RCC2302_KT861224
1006;Helicopedinella_sp;RCC2303_KT861194
1007;Dictyochophyceae_sp;RCC2342_KT861098
1008;Rhizochromulina_sp;RCC2346_KT861099
1009;Rhizochromulina_sp;RCC2354_KT861101
1010;Rhizochromulina_sp;RCC2355_KT861102
1011;Pedinellales_sp;RCC4294_KT884474
1012;Rhizochromulina_sp;RCC4436_KX523152
1013;Rhizochromulina_sp;RCC4437_KX523153
1014;Rhizochromulina_sp;RCC4438_KX523154
1015;Pedinellales_sp;RCC5264_MH764745
1016;Chlorophyta_sp;RCC137_U40920
1017;Prasinoderma_coloniale;RCC672_KT860885
1018;Prasinoderma_coloniale;RCC673_KT860886
1019;Prasinoderma_coloniale;RCC708_KT860685
1020;Prasinoderma_coloniale;RCC710_KT860690
1021;Prasinoderma_coloniale;RCC711_KT860687
1022;Prasinoderma_sp;RCC714_KT860814
1023;Prasinoderma_coloniale;RCC854_KT860905
1024;cf_Prasinoderma_sp;RCC910_EU106762
1025;Prasinoderma_coloniale;RCC919_FJ997210
1026;Prasinoderma_sp;RCC916_EU106768
1027;cf_Prasinoderma_sp;RCC927_EU106775
1028;Prasinoderma_singulare;RCC927_FJ997212
1029;Prasinoderma_singulare;RCC928_KT860930
1030;cf_Prasinoderma_sp;RCC929_EU106776
1031;cf_Prasinoderma_sp;RCC930_EU106777
1032;cf_Prasinoderma_sp;RCC933_EU106780
1033;cf_Prasinoderma_sp;RCC934_EU106781
1034;cf_Prasinoderma_sp;RCC936_EU106783
1035;cf_Prasinoderma_sp;RCC941_EU106788
1036;cf_Prasinoderma_sp;RCC946_EU106792
1037;Prasinoderma_singulare;RCC946_FJ997213
1038;Prasinoderma_coloniale;RCC959_KT860706
1039;Prasinoderma_coloniale;RCC960_KT860735
1040;Prasinoderma_coloniale;RCC961_KT860707
1041;Prasinoderma_coloniale;RCC1048_KF422618
1042;Prasinoderma_singulare;RCC1056_KT860931
1043;Prasinoderma_singulare;RCC1057_KT860932
1044;Prasinoderma_sp;RCC2686_KT860795
1045;Prasinoderma_coloniale;RCC3066_KT860834
1046;Prasinoderma_coloniale;RCC3068_KT860835
1047;Prasinoderma_coloniale;RCC4432_KX523149
1048;Prasinoderma_coloniale;RCC5186_MH743126
1049;Prasinoderma_coloniale;RCC5188_MH743128
1050;Prasinoderma_coloniale;RCC5189_MH743129
1051;Prasinoderma_singulare;RCC5699_MH764667
1052;Prasinoderma_singulare;RCC5700_MH764668
1053;Prasinoderma_singulare;RCC5718_MH764669
1054;Prasinoderma_singulare;RCC5726_MH764670
1055;Prasinoderma_singulare;RCC5727_MH764671
1056;Chlamydomonas_concordia;RCC1_KT860848
1057;Microglena_reginae;RCC2_KT860849
1058;Dunaliella_sp;RCC5_KT860850
1059;Dunaliella_tertiolecta;RCC6_KT860851
1060;Chlamydomonas_sp;RCC300_KT860660
1061;Chlamydomonas_sp;RCC443_KT860638
1062;Chlamydomonadales_sp;RCC666_KT860676
1063;Chlamydomonas_sp;RCC2041_JN934674
1064;Carteria_sp;RCC2487_JN934685
1065;Chlamydomonas_sp;RCC2488_JN934686
1066;Chlamydomonas_sp;RCC2512_KT860764
1067;Chlamydomonas_sp;RCC2607_KT860823
1068;Chlamydomonas_sp;RCC2955_KT860803
1069;Chlamydomonas_sp;RCC4618_KY233154
1070;Dunaliella_sp;RCC5172_MH743121
1071;Dunaliella_sp;RCC5173_MH743122
1072;Chlorophyceae_sp;RCC5175_MH743124
1073;Chlamydomonas_sp;RCC5267_MH764748
1074;Chlamydomonas_sp;RCC5305_MH764781
1075;Chlamydomonas_sp;RCC5311_MH764786
1076;Chlamydomonas_sp;RCC5335_MH764804
1077;Chlamydomonas_sp;RCC5336_MH764805
1078;Chlamydomonas_sp;RCC5410_MH764863
1079;Pelagodinium_beii;RCC1491_KF422623
1080;Pelagodinium_beii;RCC1491_KP843723
1081;Biecheleria_cincta;RCC2013_JF794059
1082;Dinophyceae_sp;RCC2479_KT860941
1083;Dinophyceae_sp;RCC2480_KT860940
1084;Prorocentrum_sp;RCC2563_KT860948
1085;Scrippsiella_sp;RCC2612_KT860944
1086;Heterocapsa_sp;RCC2616_KT860952
1087;Symbiodinium_sp;RCC2640_KT860943
1088;Scrippsiella_sp;RCC2641_KT860946
1089;Scrippsiella_sp;RCC2943_KT860945
1090;Scrippsiella_sp;RCC2958_KT860947
1091;Symbiodinium_sp;RCC2965_KT860942
1092;Prorocentrum_sp;RCC2982_KT860949
1093;Amphidinium_sp;RCC2983_KT860956
1094;Brandtodinium_nutricula;RCC3383_KF557491
1095;Brandtodinium_nutricula;RCC3385_KF557492
1096;Brandtodinium_nutricula;RCC3387_KF557498
1097;Brandtodinium_nutricula;RCC3388_KF557493
1098;Heterocapsa_rotundata;RCC4804_KY094994
1099;Heterocapsa_rotundata;RCC4804_KY095027
1100;Heterocapsa_rotundata;RCC4846_KY094990
1101;Heterocapsa_rotundata;RCC4846_KY095061
1102;Prorocentrum_sp;RCC5194_MH743133
1103;Heterocapsaceae_sp;RCC5195_MH743134
1104;Biecheleria_sp;RCC5518_MH764959
1105;Biecheleria_sp;RCC5520_MH764961
1106;Biecheleria_sp;RCC5522_MH764963
1107;Prorocentrum_sp;RCC5648_MH764672
1108;Aurantiochytrium_sp;RCC893_AB973565
1109;Bathycoccus_prasinos;RCC419_KT860591
